prob0,prob1,prob2,prob3,actual0,actual1,actual2,actual3,predicted0,predicted1,predicted2,predicted3,feature0,feature1,feature2,feature3,feature4,feature5,feature6,feature7,feature8,distance_man,distance_cosine,distance_euclidean,distance_minkowski
0.000000,0.000000,0.000000,1.000000,0,0,0,1,0,0,0,1,-1.406157,1.361129,0.685614,-1.159960,-1.169800,-0.145386,0.176416,-1.298460,-2.372381,9.775303,1.468422,14.380405,3.792150
0.333333,0.333333,0.333333,0.000000,0,1,0,0,1,0,0,0,0.854179,0.231276,-0.625970,-1.716054,0.891572,-2.259238,-0.118678,0.592224,-0.468075,7.757266,1.268081,10.602755,3.256187
0.666667,0.000000,0.333333,0.000000,1,0,0,0,1,0,0,0,3.115319,0.435542,0.543737,-0.811574,-1.326005,1.062680,0.880984,1.614987,-0.768253,10.559081,0.623980,17.711318,4.208482
0.333333,0.000000,0.333333,0.333333,1,0,0,0,1,0,0,0,-0.826123,-0.090468,2.826126,-0.235817,-0.620164,-2.536818,-0.439054,-0.621897,2.464033,10.660500,1.005672,22.204293,4.712143
0.000000,0.000000,1.000000,0.000000,0,0,1,0,0,0,1,0,-0.942774,0.347988,0.548042,2.361463,1.121919,0.656240,-0.718730,0.035618,0.988644,7.721418,0.538013,10.071388,3.173545
1.000000,0.000000,0.000000,0.000000,1,0,0,0,1,0,0,0,1.376013,0.136242,-0.643285,0.967699,0.504841,0.609698,0.325167,-1.181190,0.318750,6.062885,0.656629,5.491372,2.343368
0.000000,1.000000,0.000000,0.000000,0,1,0,0,0,1,0,0,3.464964,-2.489968,-0.293765,-0.552057,-2.733972,-0.389741,-3.172957,-0.245003,-0.057628,13.400055,1.357695,36.354485,6.029468
0.666667,0.000000,0.000000,0.333333,1,0,0,0,1,0,0,0,0.784427,0.312640,0.882407,-0.653834,-1.506876,-0.004009,0.213691,0.068223,0.577654,5.003761,0.894900,4.573904,2.138669
0.000000,0.000000,0.000000,1.000000,0,0,0,1,0,0,0,1,-0.802659,0.446839,-1.908470,-0.277030,0.025693,0.840586,1.656662,1.080709,-0.471499,7.510147,0.935781,9.404947,3.066749
0.333333,0.666667,0.000000,0.000000,0,1,0,0,0,1,0,0,2.224590,-0.473954,-0.574925,0.193154,0.371674,0.370655,-0.694802,0.406722,-1.306812,6.617288,0.939800,8.172737,2.858800
0.333333,0.666667,0.000000,0.000000,1,0,0,0,0,1,0,0,1.786446,0.891689,-0.118691,-0.751384,-0.016929,1.478608,0.718787,0.585573,0.118351,6.466458,0.433565,7.625290,2.761393
0.000000,0.333333,0.000000,0.666667,0,0,0,1,0,0,0,1,-1.631769,1.942691,-4.223474,-0.649526,0.251784,1.553564,1.773738,1.998594,1.458357,15.483497,0.863391,36.440621,6.036607
0.666667,0.000000,0.333333,0.000000,1,0,0,0,1,0,0,0,0.957683,-0.158320,0.926133,-0.064233,0.360279,-0.044555,1.094324,0.809125,0.238848,4.653500,0.299763,3.845133,1.960901
0.333333,0.333333,0.000000,0.333333,0,0,0,1,1,0,0,0,-0.116753,-0.941017,-1.842682,-0.487477,0.192178,0.964302,1.088380,-1.126199,-0.731834,7.490822,1.343375,8.487542,2.913339
0.000000,0.333333,0.000000,0.666667,0,0,0,1,0,0,0,1,-1.141198,-0.490065,-2.353813,1.444108,-1.039723,0.644242,1.559737,0.412722,-0.553036,9.638644,1.137255,13.573420,3.684212
0.000000,0.000000,0.666667,0.333333,0,0,1,0,0,0,1,0,-1.140642,0.174815,1.825708,-0.286476,0.587799,-0.874495,-0.540605,-0.181165,1.386998,6.998703,0.888549,8.105990,2.847102
0.000000,0.666667,0.000000,0.333333,0,0,0,1,0,1,0,0,-0.614268,-1.753378,-1.808740,-0.158741,0.599555,-0.615705,-0.766953,-1.634126,0.874656,8.826122,1.577481,11.510565,3.392722
0.000000,0.000000,0.000000,1.000000,0,0,0,1,0,0,0,1,-1.074276,1.346848,-0.143855,0.516438,1.547416,1.348726,-1.875192,0.686570,0.288634,8.827955,0.740825,11.540062,3.397067
1.000000,0.000000,0.000000,0.000000,1,0,0,0,1,0,0,0,1.722875,-0.486424,0.568554,1.658163,-0.179838,0.673908,1.016163,-1.768744,0.526942,8.601611,0.628371,11.202869,3.347069
0.666667,0.333333,0.000000,0.000000,1,0,0,0,1,0,0,0,1.187441,-0.321217,-0.860134,-1.396965,0.748356,0.330345,1.388448,0.168238,1.046652,7.447796,0.728714,7.925275,2.815186
0.666667,0.000000,0.000000,0.333333,0,1,0,0,1,0,0,0,0.784359,-1.247865,0.117182,1.626587,-2.259354,-1.025790,-2.607756,-0.577055,-0.048336,10.294284,1.410122,18.124549,4.257294
0.000000,0.000000,0.000000,1.000000,0,0,0,1,0,0,0,1,-4.026888,-0.551477,0.200304,-0.145253,-2.935324,1.040540,2.671548,-0.557466,-0.359010,12.487810,1.267130,33.856850,5.818664
0.333333,0.666667,0.000000,0.000000,1,0,0,0,0,1,0,0,2.211339,-0.309279,-0.469101,-0.188156,-2.950241,-0.789101,-1.079455,-1.056561,1.572141,10.625374,1.231932,19.320906,4.395555
0.333333,0.000000,0.666667,0.000000,0,0,1,0,0,0,1,0,1.956243,-2.166150,1.375148,0.904867,-0.365442,1.042647,0.060024,0.257579,-1.230241,9.358341,0.836747,14.033012,3.746066
0.333333,0.333333,0.000000,0.333333,0,1,0,0,1,0,0,0,0.958039,-0.769771,0.494527,0.552762,-2.254646,1.669208,-2.922746,0.633513,-0.362957,10.618169,1.153079,19.005694,4.359552
0.000000,0.000000,0.000000,1.000000,0,1,0,0,0,0,0,1,-0.156571,0.176547,-0.684806,0.587269,0.368697,-0.665582,-1.361185,-0.218612,0.535838,4.755107,1.247945,3.636203,1.906883
0.000000,0.000000,0.000000,1.000000,0,0,0,1,0,0,0,1,0.042765,-0.736268,-3.462768,-0.971063,-0.440816,0.299660,1.712316,-2.305462,0.708036,10.679154,1.362076,22.510256,4.744497
0.000000,1.000000,0.000000,0.000000,0,1,0,0,0,1,0,0,-0.152900,0.768377,-2.282115,-0.123193,-0.069738,-1.297105,1.079220,0.467200,1.786696,8.026544,0.983092,12.099626,3.478452
1.000000,0.000000,0.000000,0.000000,1,0,0,0,1,0,0,0,-0.036887,-0.223271,1.431977,-0.265173,-2.659040,-0.357924,0.605963,0.284127,-1.232810,7.097172,1.242832,11.338429,3.367258
0.666667,0.333333,0.000000,0.000000,0,1,0,0,1,0,0,0,-0.516054,0.249937,1.108948,-0.027069,-0.372010,1.707279,-3.399401,-0.438788,0.696811,8.516297,1.080429,16.846479,4.104446
0.666667,0.000000,0.333333,0.000000,0,0,1,0,1,0,0,0,0.347169,-1.598386,1.607417,-0.417837,0.179637,0.167696,-1.540383,-0.297252,-0.518537,6.674314,1.240660,8.224152,2.867778
0.000000,0.000000,1.000000,0.000000,0,0,1,0,0,0,1,0,-1.556961,-0.117762,1.761126,0.024435,0.058121,0.161165,-0.940218,0.284279,0.866450,5.770517,0.933232,7.285070,2.699087
0.000000,0.666667,0.000000,0.333333,0,1,0,0,0,1,0,0,0.224373,-1.095518,-1.985506,0.400740,0.279311,0.622804,-0.164057,1.241888,-0.732771,6.746968,1.143120,7.925383,2.815206
0.333333,0.666667,0.000000,0.000000,0,1,0,0,0,1,0,0,1.386086,-0.986180,-0.579530,-0.552742,1.664536,0.491787,-0.396986,0.529063,-0.821541,7.408451,0.911540,7.660134,2.767695
0.000000,0.000000,1.000000,0.000000,0,0,1,0,0,0,1,0,-0.979757,-1.323187,0.430418,1.127061,1.771131,-1.660203,-1.184328,-0.946359,0.345297,9.767741,1.228364,12.476911,3.532267
0.666667,0.333333,0.000000,0.000000,0,0,0,1,1,0,0,0,1.498446,-0.001586,1.181374,-0.251406,-0.581286,0.731650,-2.663909,-1.035501,-0.895157,8.840315,1.182700,13.547377,3.680676
0.333333,0.000000,0.000000,0.666667,0,0,0,1,0,0,0,1,-1.505744,1.055024,-2.670245,0.892899,1.285080,0.733157,-0.435937,1.934952,-1.485736,11.998774,1.014784,19.638259,4.431508
0.000000,0.333333,0.333333,0.333333,0,0,0,1,0,1,0,0,-2.066645,0.769091,-0.671394,-0.026754,2.335696,-2.200219,-1.507043,-0.596400,0.081808,10.255050,1.302941,18.244012,4.271301
0.000000,0.000000,0.666667,0.333333,0,0,1,0,0,0,1,0,-2.599863,0.411368,0.727025,-1.078098,2.474913,2.260718,0.226587,-0.746235,-0.110580,10.635387,0.884654,20.475848,4.525025
0.666667,0.333333,0.000000,0.000000,1,0,0,0,1,0,0,0,2.409918,-0.788615,-0.533800,-0.400881,-0.841866,1.834886,-0.586839,1.269575,-2.140599,10.806979,0.982323,17.489176,4.182006
0.000000,0.666667,0.000000,0.333333,0,1,0,0,0,1,0,0,-0.240720,-0.106702,-2.504929,0.143220,1.111541,0.841306,1.464463,3.317472,0.657153,10.387506,0.666372,21.889954,4.678670
0.000000,0.333333,0.000000,0.666667,0,0,0,1,0,0,0,1,-1.492444,-1.570270,-1.453148,0.712854,1.338847,-0.619959,-0.567072,0.934844,-1.301990,9.991428,1.380677,12.380479,3.518591
0.666667,0.000000,0.333333,0.000000,1,0,0,0,1,0,0,0,1.326911,1.562064,-0.192977,-1.863333,0.067588,-1.721906,1.587475,0.993846,-1.434825,10.750925,0.973136,16.246045,4.030638
1.000000,0.000000,0.000000,0.000000,1,0,0,0,1,0,0,0,1.950745,-0.516355,-1.369790,1.379510,0.513178,1.158492,1.424098,0.856828,1.620075,10.789071,0.392921,14.843709,3.852753
1.000000,0.000000,0.000000,0.000000,1,0,0,0,1,0,0,0,2.249677,-0.372565,0.544853,0.622785,-0.586559,-0.499565,1.044693,0.147134,0.748111,6.815942,0.544823,8.150896,2.854977
0.000000,0.000000,1.000000,0.000000,0,0,1,0,0,0,1,0,-0.003019,1.122883,1.377715,1.397743,-0.970869,-0.609567,2.162077,-0.510111,1.737079,9.891063,0.498596,14.379052,3.791972
0.000000,0.000000,1.000000,0.000000,0,0,1,0,0,0,1,0,0.171000,-0.752053,0.891779,-0.534120,0.911250,-0.493211,-1.346287,0.794829,0.803273,6.697802,0.938410,5.838502,2.416299
0.000000,0.000000,1.000000,0.000000,0,0,1,0,0,0,1,0,1.238069,-2.258259,0.386229,0.710682,-2.570091,-2.219590,2.793672,-0.013558,-1.322268,13.512418,1.203704,28.371918,5.326530
0.000000,0.333333,0.000000,0.666667,0,0,0,1,0,0,0,1,-0.693203,-0.181218,-1.767851,-1.133373,-0.609310,-1.306858,1.215376,-0.671185,-1.136246,8.714620,1.655177,10.221021,3.197033
0.666667,0.333333,0.000000,0.000000,1,0,0,0,1,0,0,0,0.458156,-0.096511,-1.610432,-1.068114,1.814859,-1.625155,0.624100,-1.434004,-0.028737,8.760068,1.281485,12.335116,3.512138
0.666667,0.000000,0.000000,0.333333,1,0,0,0,1,0,0,0,1.410427,-1.767395,0.585189,-3.314610,-0.512891,0.344218,-0.885877,0.871963,0.253236,9.945806,1.234140,18.432844,4.293349
0.000000,0.333333,0.000000,0.666667,0,0,0,1,0,0,0,1,-1.985248,0.317597,-2.817205,1.242877,-2.393498,0.675077,2.579880,1.684629,-0.576613,14.272624,1.078050,29.534265,5.434544
0.666667,0.333333,0.000000,0.000000,1,0,0,0,1,0,0,0,0.537979,-0.462099,-0.150209,1.031136,1.051481,-0.035034,0.126878,1.410206,1.506163,6.311185,0.366572,6.968907,2.639869
0.000000,0.000000,0.000000,1.000000,0,0,0,1,0,0,0,1,-4.616279,-1.088936,-1.340729,1.739526,-2.224406,0.328899,4.388331,-0.257396,-1.287267,17.271769,1.198884,53.356233,7.304535
0.000000,0.666667,0.000000,0.333333,0,0,0,1,0,1,0,0,0.592894,-1.245065,0.124268,0.177338,0.314693,-0.242775,-0.683300,1.591527,-2.125770,7.097630,1.160752,9.625328,3.102471
0.000000,0.666667,0.333333,0.000000,0,1,0,0,0,1,0,0,0.809402,-1.561418,-1.045679,-0.696992,0.473798,-0.657731,-1.586171,0.138888,1.454391,8.424470,1.281884,9.979976,3.159110
0.000000,0.666667,0.000000,0.333333,0,0,0,1,0,1,0,0,-0.904354,0.815138,-2.438171,-1.668978,0.814327,-0.383131,-0.580125,1.249137,0.236810,9.090171,1.264598,12.975357,3.602132
0.000000,0.000000,1.000000,0.000000,0,0,1,0,0,0,1,0,-0.726143,1.104126,0.667775,0.700824,1.414706,-0.658961,0.388218,0.085367,0.775429,6.521549,0.484253,5.878369,2.424535
0.000000,0.000000,0.666667,0.333333,0,0,1,0,0,0,1,0,-3.760071,-0.705839,0.560788,-1.407713,3.006871,-1.743593,0.922444,-1.428168,0.367274,13.902761,1.246629,32.039328,5.660329
0.000000,0.000000,0.666667,0.333333,0,0,0,1,0,0,1,0,-0.715287,-2.085975,0.427999,-1.092650,-0.740061,0.554098,0.177083,1.997754,1.297086,9.087993,1.016766,12.799521,3.577642
0.000000,0.000000,1.000000,0.000000,0,0,1,0,0,0,1,0,-1.623371,-0.641717,0.570935,-0.207943,1.918940,-0.151036,-0.296944,0.200633,-0.112576,5.724095,1.042435,7.262586,2.694919
0.000000,0.333333,0.666667,0.000000,0,0,1,0,0,0,1,0,0.179342,0.533388,-1.217122,1.015777,2.906875,-0.783540,-0.945144,-1.816282,0.389219,9.786689,0.978284,16.237381,4.029563
0.666667,0.333333,0.000000,0.000000,1,0,0,0,1,0,0,0,2.240260,0.502468,-0.349909,-0.610942,-0.690497,0.282957,-0.537254,-1.871693,-0.022407,7.108387,1.110778,10.116155,3.180590
0.000000,0.000000,0.666667,0.333333,0,0,1,0,0,0,1,0,-1.168134,0.445702,0.261749,-0.061765,1.771391,-0.590861,-1.482300,1.539695,-0.771286,8.092883,1.005801,10.285214,3.207057
0.333333,0.666667,0.000000,0.000000,0,1,0,0,0,1,0,0,0.493477,-0.847880,-1.314051,0.760091,0.694045,-2.260349,-0.364895,0.093393,1.123765,7.951946,1.168815,10.262483,3.203511
0.666667,0.000000,0.333333,0.000000,0,0,1,0,1,0,0,0,2.326312,-1.056014,0.732770,-0.975475,-1.943808,0.985030,0.713072,-0.062396,0.208726,9.003603,0.915223,13.320002,3.649658
0.000000,0.000000,1.000000,0.000000,0,0,1,0,0,0,1,0,-0.160484,-1.159598,0.969859,-1.903561,-0.595986,-0.386598,2.524164,0.163366,0.598276,8.461892,0.995463,13.195277,3.632530
0.000000,0.333333,0.000000,0.666667,0,1,0,0,0,0,0,1,-2.062184,-0.096209,-1.970026,0.651144,-0.894008,1.071781,2.367037,0.814073,0.672539,10.599001,0.955503,17.232703,4.151229
0.333333,0.333333,0.333333,0.000000,1,0,0,0,1,0,0,0,1.353493,-0.092293,0.983039,0.432604,0.509198,-1.248277,-1.771662,0.596688,-0.695373,7.682627,0.992420,8.789818,2.964763
0.333333,0.333333,0.000000,0.333333,0,0,0,1,1,0,0,0,2.339663,-0.630398,-1.161378,0.703226,-0.023350,1.187870,-1.897894,-1.079232,0.259404,9.282415,1.026950,13.960364,3.736357
0.333333,0.000000,0.666667,0.000000,0,0,1,0,0,0,1,0,0.277172,-1.427446,0.573519,0.247285,0.170897,-1.739595,0.884275,1.754184,-0.273567,7.347940,0.949509,9.493840,3.081207
0.000000,0.000000,0.666667,0.333333,0,0,1,0,0,0,1,0,-1.583306,-1.052827,-0.545697,-0.138573,3.116043,1.372895,0.001530,-0.027633,-1.973950,9.812454,1.062890,19.424099,4.407278
0.666667,0.333333,0.000000,0.000000,0,1,0,0,1,0,0,0,1.198781,-0.008089,-0.588067,0.962941,2.612191,1.059091,-0.657531,0.147360,1.659308,8.893359,0.428283,13.862800,3.723278
0.000000,0.666667,0.333333,0.000000,0,0,0,1,0,1,0,0,-0.906246,-0.735820,-0.835044,-2.198701,0.017415,-1.287808,1.284166,0.130828,-0.679212,8.075240,1.531440,10.680577,3.268115
1.000000,0.000000,0.000000,0.000000,1,0,0,0,1,0,0,0,1.181539,0.798851,-0.829415,1.335260,0.941057,-1.442682,2.599531,0.819335,1.441895,11.389565,0.446257,16.979898,4.120667
0.333333,0.000000,0.666667,0.000000,0,0,1,0,0,0,1,0,1.299645,-1.469786,0.083765,0.704185,-1.294292,1.509296,0.897548,-0.542991,-0.697915,8.499423,0.948128,9.892924,3.145302
0.000000,0.000000,0.666667,0.333333,0,0,1,0,0,0,1,0,1.376082,1.980772,1.779487,0.853770,-0.108784,-1.655979,-0.763030,-0.063173,0.406179,8.987256,0.651109,13.217844,3.635635
0.000000,0.000000,0.000000,1.000000,0,0,0,1,0,0,0,1,-1.392288,-0.314633,-2.414191,-0.483508,0.501412,-0.089420,0.733503,-2.661082,1.131057,9.721094,1.400327,17.257642,4.154232
0.000000,0.333333,0.333333,0.333333,0,1,0,0,0,1,0,0,0.960182,-1.221186,-1.745821,-0.254703,-1.164964,1.335120,0.016908,0.448233,-0.626573,7.773690,1.246779,9.259488,3.042941
0.666667,0.333333,0.000000,0.000000,1,0,0,0,1,0,0,0,2.126742,1.482531,-0.615418,1.293280,-2.599258,-1.160407,0.230676,-0.086737,0.283602,9.878651,0.922828,17.016094,4.125057
0.000000,0.666667,0.000000,0.333333,0,1,0,0,0,1,0,0,-0.102164,-1.738893,-2.704162,-0.880406,-2.014858,-0.452911,1.874313,-0.223467,-0.412785,10.403959,1.507347,19.119953,4.372637
1.000000,0.000000,0.000000,0.000000,1,0,0,0,1,0,0,0,1.527171,0.360647,-0.724675,0.385883,0.497304,0.396052,2.358725,0.711891,2.672018,9.634366,0.333373,16.750598,4.092749
0.000000,0.333333,0.000000,0.666667,0,0,0,1,0,0,0,1,-2.647727,-0.313924,-0.614632,0.371701,-1.712664,0.094709,2.171799,-0.284592,2.915888,11.127636,1.001327,23.867235,4.885410
0.000000,0.333333,0.000000,0.666667,0,0,0,1,0,0,0,1,-0.656208,-1.170668,-1.018027,0.273837,0.509559,-0.588993,-0.709092,0.729719,-0.878217,6.534320,1.506718,5.325568,2.307719
0.666667,0.000000,0.000000,0.333333,1,0,0,0,1,0,0,0,0.029142,1.810525,1.889719,-0.936576,-1.285782,0.269051,-0.549744,-0.822836,1.249067,8.842442,0.840930,11.992132,3.462966
0.666667,0.333333,0.000000,0.000000,1,0,0,0,1,0,0,0,1.269347,0.062863,-1.469625,2.375946,0.971080,-0.025113,1.398548,1.052501,-0.427773,9.052796,0.529462,13.610422,3.689231
0.000000,0.000000,0.000000,1.000000,0,0,0,1,0,0,0,1,-1.587455,0.277724,-0.525146,0.109794,1.926411,-0.149948,-1.549675,0.376732,1.689380,8.192265,0.945398,12.015945,3.466402
0.000000,0.333333,0.000000,0.666667,0,0,0,1,0,0,0,1,-3.367807,0.036080,-0.985271,1.308319,-2.119221,0.474901,2.902865,-0.074787,0.105196,11.374447,1.109943,27.185796,5.214000
0.666667,0.000000,0.333333,0.000000,1,0,0,0,1,0,0,0,0.156400,2.370291,1.622630,1.733754,-1.078572,0.002127,-0.136847,0.007638,-1.753110,8.861369,0.752704,15.537074,3.941709
0.333333,0.333333,0.333333,0.000000,0,1,0,0,1,0,0,0,1.578301,0.593901,-2.235544,1.131697,-1.211164,1.300588,0.405605,-0.206455,-1.540787,10.204042,1.015897,14.861759,3.855095
0.000000,0.666667,0.000000,0.333333,0,1,0,0,0,1,0,0,1.334420,1.449885,-0.864624,1.101552,-0.574581,-0.755687,-1.467934,-0.237367,-0.879456,8.665506,1.095514,9.729657,3.119240
0.000000,0.333333,0.000000,0.666667,0,1,0,0,0,0,0,1,1.377322,1.435675,-0.777380,0.130067,-1.764326,0.230488,-1.464869,0.459015,0.753846,8.392988,0.961239,10.670206,3.266528
0.000000,0.000000,0.333333,0.666667,0,0,0,1,0,0,0,1,-2.562755,0.703062,-0.317375,-0.736745,3.082615,0.606319,-2.090731,2.117798,-0.470522,12.687922,0.978586,26.653283,5.162682
0.666667,0.333333,0.000000,0.000000,1,0,0,0,1,0,0,0,0.954747,2.140629,0.624631,1.782843,-2.314065,0.115168,0.038826,-0.597147,-0.596571,9.164627,0.815924,15.144677,3.891616
0.000000,0.000000,1.000000,0.000000,0,0,1,0,0,0,1,0,0.407731,0.634181,0.599739,-0.935424,-1.897515,-0.573028,2.806849,0.598561,-0.063311,8.516339,0.859303,13.972744,3.738013
0.000000,0.000000,1.000000,0.000000,0,0,1,0,0,0,1,0,-1.408840,-0.550221,1.031316,0.654248,1.048351,-0.035577,-0.896192,0.765089,-0.179228,6.569062,0.943035,6.300176,2.510015
0.666667,0.333333,0.000000,0.000000,0,1,0,0,1,0,0,0,0.337450,0.454632,-1.916956,1.264803,0.644412,-0.363714,0.540258,-0.027044,0.764568,6.313837,0.786322,7.019739,2.649479
0.000000,0.333333,0.000000,0.666667,0,1,0,0,0,0,0,1,-1.320422,-0.128352,-1.071253,-1.012165,-1.212231,0.866053,1.447867,1.141795,1.738219,9.938357,0.957743,12.573021,3.545846
0.333333,0.333333,0.000000,0.333333,0,1,0,0,1,0,0,0,-0.781931,0.827253,-1.638859,-1.488050,0.025275,-1.071201,0.225024,-0.960259,-0.008870,7.026722,1.563084,8.316837,2.883893
0.000000,0.000000,1.000000,0.000000,0,0,1,0,0,0,1,0,-0.063568,-1.336373,0.913552,-1.417665,-1.779582,-1.106879,3.165445,0.366562,0.712048,10.861674,1.041052,19.687800,4.437094
0.000000,0.000000,1.000000,0.000000,0,0,1,0,0,0,1,0,-2.557375,-0.902964,0.134889,2.207914,0.591602,-0.113043,-1.087596,-0.893344,-0.363877,8.852604,1.259194,14.724697,3.837277
0.666667,0.000000,0.000000,0.333333,1,0,0,0,1,0,0,0,0.092205,0.253641,-0.355382,0.929756,1.316058,2.020645,1.056827,-1.809793,-0.274059,8.108366,0.680370,11.345935,3.368373
0.666667,0.000000,0.333333,0.000000,1,0,0,0,1,0,0,0,-0.222644,-0.568714,2.311521,0.134818,-1.417876,1.409362,-1.221265,-0.875945,1.157069,9.319214,0.935510,13.328561,3.650830
0.000000,0.000000,0.000000,1.000000,0,0,0,1,0,0,0,1,-1.625445,-0.026479,-0.733730,0.533608,1.936638,0.900308,-1.555665,0.816662,0.319504,8.448039,0.943725,11.216104,3.349045
0.000000,0.333333,0.000000,0.666667,0,1,0,0,0,0,0,1,-0.355003,-1.981692,-1.759464,-0.095576,-0.431918,-0.244687,0.107841,0.668245,-1.494437,7.138863,1.586085,10.095927,3.177409
0.333333,0.000000,0.333333,0.333333,1,0,0,0,1,0,0,0,-3.364030,0.706094,5.132236,0.433554,-0.552735,0.216533,0.777519,-0.807954,0.233104,12.223759,0.853794,40.007147,6.325120
0.333333,0.000000,0.333333,0.333333,0,0,0,1,1,0,0,0,0.902051,-0.153030,1.275963,0.864998,-0.573201,-1.234988,-1.956619,-1.059304,0.553125,8.573279,1.143271,10.323602,3.213036
0.000000,0.000000,0.000000,1.000000,0,0,0,1,0,0,0,1,-1.792552,0.867291,0.077494,1.204529,3.183980,0.793439,-3.376215,-0.115471,2.471578,13.882549,0.809735,33.710465,5.806071
0.000000,0.333333,0.666667,0.000000,0,0,1,0,0,0,1,0,0.080320,-1.103599,0.186203,0.548127,2.175080,1.126694,-1.644272,-0.818612,-1.444115,9.127022,1.082606,13.019133,3.608204
0.000000,0.000000,0.000000,1.000000,0,0,0,1,0,0,0,1,-1.725967,0.259650,-1.959184,-0.690171,0.529816,1.585757,1.066131,-0.731351,0.794844,9.342871,1.082202,12.459735,3.529835
0.000000,0.000000,1.000000,0.000000,0,0,1,0,0,0,1,0,0.144342,-0.338988,1.248705,-0.686956,0.590412,-1.442603,-0.212322,0.747775,0.216317,5.628420,0.961195,5.247651,2.290775
0.000000,0.333333,0.000000,0.666667,0,1,0,0,0,0,0,1,0.270242,0.844293,-1.037047,-0.832485,0.489241,1.087856,-0.212024,-0.277862,-1.366262,6.417312,1.141117,5.965980,2.442536
0.000000,0.000000,0.333333,0.666667,0,0,0,1,0,0,0,1,-0.876976,0.552924,0.091641,-0.627383,1.025780,0.281179,-1.414003,0.507228,0.795176,6.172290,0.952292,5.497095,2.344588
0.000000,0.000000,1.000000,0.000000,0,0,1,0,0,0,1,0,1.061861,0.193573,-0.100186,0.435246,-3.267062,-1.415144,3.330758,-0.630072,-0.816030,11.249932,1.078609,26.197667,5.118366
1.000000,0.000000,0.000000,0.000000,1,0,0,0,1,0,0,0,1.645370,-0.712147,0.189178,0.699755,-2.160163,-0.155351,-0.984279,0.015260,-1.537923,8.099426,1.291579,11.764524,3.429945
0.666667,0.000000,0.333333,0.000000,0,0,1,0,1,0,0,0,2.271589,-0.753881,1.984030,-0.194916,-0.003542,-0.098244,-0.694967,0.160254,0.470812,6.632235,0.675991,10.442809,3.231534
0.000000,0.000000,1.000000,0.000000,0,0,1,0,0,0,1,0,-1.514267,1.481354,1.428731,0.688846,1.125183,-0.418844,-0.849372,0.536827,-0.198614,8.242038,0.753359,9.493726,3.081189
0.333333,0.666667,0.000000,0.000000,0,1,0,0,0,1,0,0,0.149996,-0.594026,-1.934651,-0.688426,0.882627,0.299543,0.292056,0.740001,0.235797,5.817123,1.082948,6.149425,2.479803
0.333333,0.000000,0.000000,0.666667,0,0,0,1,0,0,0,1,0.462168,0.123454,-0.284365,0.768371,-0.968133,0.424120,-0.836695,0.467498,0.287735,4.622539,0.914787,3.018661,1.737429
0.000000,1.000000,0.000000,0.000000,0,1,0,0,0,1,0,0,0.974122,-0.629816,-1.238409,-0.996457,1.796451,-1.028115,-0.787731,0.460117,0.788313,8.699531,1.071131,9.610087,3.100014
0.333333,0.333333,0.333333,0.000000,0,1,0,0,1,0,0,0,2.093581,0.336264,0.297941,-0.226261,3.989940,1.147493,-2.467430,-0.419177,-0.215327,11.193414,0.715123,28.182765,5.308744
0.000000,1.000000,0.000000,0.000000,0,1,0,0,0,1,0,0,1.690516,1.217319,-1.931461,-0.729050,-0.787685,-1.668009,0.187479,-0.549462,-0.157968,8.918949,1.258614,12.366478,3.516600
0.000000,0.000000,1.000000,0.000000,0,0,1,0,0,0,1,0,-1.816314,1.748193,0.995128,1.744190,1.731963,-1.768585,-1.121860,0.545949,1.098476,12.570658,0.760318,19.278522,4.390731
0.333333,0.000000,0.666667,0.000000,0,0,1,0,0,0,1,0,-0.601563,2.386577,1.415677,1.236145,-0.701956,-0.571105,2.571211,0.542627,-0.859451,10.886312,0.574934,18.052953,4.248877
0.000000,0.333333,0.333333,0.333333,0,0,0,1,0,1,0,0,-1.357854,0.620559,-1.934396,-0.261648,-1.411690,-3.215792,1.834338,-0.058193,-2.053249,12.747719,1.512801,25.957409,5.094841
0.000000,0.000000,0.333333,0.666667,0,0,0,1,0,0,0,1,-2.587570,-1.074718,-1.011843,-0.742995,2.595992,1.671422,-1.043795,-0.661006,0.060613,11.449954,1.205743,20.489342,4.526515
0.000000,0.000000,0.333333,0.666667,0,0,0,1,0,0,0,1,-0.477991,0.364514,-0.384424,-0.509637,0.518590,-0.145255,-1.325804,2.157987,-0.172071,6.056273,0.996847,7.503165,2.739191
0.666667,0.333333,0.000000,0.000000,1,0,0,0,1,0,0,0,-0.723317,-0.839580,-1.876153,1.101953,2.771357,0.009730,0.641221,0.697795,1.144934,9.806040,0.754867,15.851803,3.981432
0.333333,0.666667,0.000000,0.000000,0,1,0,0,0,1,0,0,2.123873,1.423045,-0.131988,-0.439379,-0.557221,0.826381,-1.144927,0.634149,-1.873404,9.154367,0.920329,12.962414,3.600335
0.666667,0.000000,0.000000,0.333333,1,0,0,0,1,0,0,0,0.816183,-0.305516,1.262110,1.627296,-0.827053,-0.279301,-1.201114,-1.073257,-1.235256,8.627086,1.128925,9.882947,3.143716
0.000000,0.666667,0.000000,0.333333,0,1,0,0,0,1,0,0,-0.072678,-0.350143,-1.936657,-0.414204,0.891839,-0.916948,1.278612,1.770263,-0.507519,8.138863,1.026218,10.712513,3.272998
0.333333,0.333333,0.333333,0.000000,0,1,0,0,1,0,0,0,0.151970,0.258280,-0.934402,0.359935,2.789612,-1.842595,-0.713440,-0.467663,-0.265034,7.782931,1.061167,13.067504,3.614900
0.000000,0.333333,0.000000,0.666667,0,1,0,0,0,0,0,1,-1.420707,0.150255,-2.965892,-1.164633,0.742065,-0.826895,1.911117,-0.432985,-0.180653,9.795202,1.335650,17.300766,4.159419
0.333333,0.333333,0.000000,0.333333,0,1,0,0,1,0,0,0,1.643414,-1.174171,-1.503632,0.141599,-0.927675,0.096863,-0.431564,1.559589,1.206786,8.685293,0.939406,11.305308,3.362337
0.666667,0.000000,0.333333,0.000000,0,0,1,0,1,0,0,0,1.441967,-0.303466,0.355943,-0.914878,-1.204076,-2.100346,0.604174,0.385500,-0.179404,7.489754,1.206600,9.542132,3.089034
0.333333,0.333333,0.333333,0.000000,0,1,0,0,1,0,0,0,1.516277,0.506448,-2.218532,0.076929,-0.862360,-0.120540,0.548045,-2.086710,1.302713,9.238554,1.116727,14.593356,3.820125
0.000000,0.000000,0.000000,1.000000,0,0,0,1,0,0,0,1,0.086220,0.994632,-1.318042,-1.566344,-0.144828,0.632462,0.441068,0.694689,-1.132646,7.010931,1.159064,7.568399,2.751072
0.000000,0.000000,0.000000,1.000000,0,0,0,1,0,0,0,1,-1.173922,-1.390849,-1.761847,1.900751,0.232671,0.438730,0.488691,2.146457,0.421072,9.954990,0.889065,15.299531,3.911461
0.000000,0.000000,1.000000,0.000000,0,0,1,0,0,0,1,0,-0.407825,-0.971611,0.712781,0.676674,1.031230,-0.660639,-1.455007,-1.060663,1.615126,8.591556,1.056447,9.426856,3.070319
0.000000,0.000000,0.000000,1.000000,0,0,0,1,0,0,0,1,-3.207517,-0.485814,-2.069962,0.253548,1.860916,-0.567306,1.359619,-1.352272,-0.165783,11.322737,1.308355,22.362742,4.728926
0.000000,0.000000,0.333333,0.666667,0,0,1,0,0,0,0,1,-0.762090,0.993002,0.958511,-1.907236,1.091691,-0.282070,-1.317635,-1.104671,0.524959,8.941865,1.184625,10.626521,3.259835
0.000000,0.333333,0.000000,0.666667,0,1,0,0,0,0,0,1,-0.026175,1.401916,-1.194532,-0.784465,-1.113140,1.787581,-0.676955,-0.670111,-0.283268,7.938143,1.169239,9.430430,3.070900
1.000000,0.000000,0.000000,0.000000,1,0,0,0,1,0,0,0,0.675215,-0.813067,1.284518,-1.303014,-1.455463,-0.388347,-1.064159,-0.151643,-0.255386,7.390812,1.410266,7.954663,2.820401
0.000000,1.000000,0.000000,0.000000,0,1,0,0,0,1,0,0,1.930066,-0.006186,-0.351995,0.071583,2.224806,-0.974216,-0.295555,0.391433,0.855510,7.101350,0.608605,10.725546,3.274988
0.666667,0.000000,0.000000,0.333333,1,0,0,0,1,0,0,0,0.885810,1.477417,-2.462158,0.636050,1.761791,0.877876,0.873105,0.780376,-2.086616,11.841199,0.790375,19.034041,4.362802
0.000000,0.000000,0.666667,0.333333,0,0,0,1,0,0,1,0,-0.473916,0.922066,2.797904,0.365082,0.624852,-0.232396,-1.235872,-0.776738,0.460941,7.889767,0.762314,11.823970,3.438600
0.000000,0.333333,0.000000,0.666667,0,0,0,1,0,0,0,1,-1.399552,-0.568226,-1.763008,0.568339,-1.347489,1.263976,1.671108,1.140764,-0.554706,10.277168,1.089613,13.527838,3.678021
0.000000,0.666667,0.000000,0.333333,0,1,0,0,0,1,0,0,-0.692487,-1.415109,-2.751680,0.677302,-0.431150,-1.263091,-0.199880,0.060696,0.215351,7.706746,1.549392,12.383854,3.519070
0.000000,0.000000,0.333333,0.666667,0,0,0,1,0,0,0,1,-2.716222,-0.576678,0.719863,-0.112026,3.434397,1.271293,-2.479264,-1.697530,-0.929395,13.936668,1.183126,31.544574,5.616456
0.333333,0.333333,0.000000,0.333333,1,0,0,0,1,0,0,0,0.795434,-2.192396,-0.375679,-0.735053,0.907097,0.231592,0.925522,-0.095760,-1.075366,7.333899,1.179208,9.019386,3.003229
0.666667,0.333333,0.000000,0.000000,1,0,0,0,1,0,0,0,2.490753,0.014065,-0.293228,0.646686,-0.262222,0.638507,-1.649454,-0.008195,-1.741117,7.744227,1.015218,12.936939,3.596796
1.000000,0.000000,0.000000,0.000000,1,0,0,0,1,0,0,0,3.365789,1.125217,-1.234054,1.791303,-0.789785,1.197774,2.518419,-0.078158,1.231926,13.332425,0.417113,27.250912,5.220241
0.333333,0.333333,0.000000,0.333333,0,1,0,0,1,0,0,0,0.370690,-0.367172,-1.133429,-0.410845,-1.543716,-1.954549,-0.597798,1.257362,0.301618,7.937179,1.430741,9.958297,3.155677
0.666667,0.000000,0.333333,0.000000,1,0,0,0,1,0,0,0,2.428950,-0.749008,0.011195,0.542188,-0.708318,1.438245,0.764084,-0.278648,0.686234,7.606870,0.573783,10.457553,3.233814
0.000000,0.000000,0.666667,0.333333,1,0,0,0,0,0,1,0,0.127331,-0.203720,1.854010,0.873664,-0.111334,1.646670,-0.485753,1.011683,-0.556049,6.870214,0.526194,8.550923,2.924196
0.000000,0.333333,0.000000,0.666667,0,0,0,1,0,0,0,1,-1.315531,0.761188,-0.650017,0.269832,-0.940745,-1.003720,1.195040,-1.370178,-0.171144,7.677395,1.379330,8.032614,2.834187
0.000000,0.333333,0.000000,0.666667,0,1,0,0,0,0,0,1,2.174802,0.772157,-0.251494,1.201685,0.355925,-0.215998,-2.630524,-0.340458,1.977466,9.920509,0.760560,17.952564,4.237047
0.666667,0.000000,0.333333,0.000000,0,0,1,0,1,0,0,0,1.529037,0.572467,1.089292,0.361832,-0.100575,-2.634511,-1.582627,0.285889,0.132907,8.289137,1.031372,13.538021,3.679405
0.000000,0.000000,0.666667,0.333333,0,0,1,0,0,0,1,0,0.041928,-1.547316,-0.156639,-0.815681,-1.450182,0.090327,2.336773,2.652317,0.656185,9.747348,0.858455,18.122875,4.257097
0.333333,0.333333,0.000000,0.333333,0,1,0,0,1,0,0,0,0.694703,-0.348399,-0.223420,-0.304877,0.206580,0.717257,-1.766400,-1.799146,-0.291427,6.352209,1.373092,7.746018,2.783167
0.333333,0.333333,0.000000,0.333333,1,0,0,0,1,0,0,0,1.781751,-0.247955,1.035126,0.814261,0.902251,0.790044,-3.390566,-1.690786,-0.295318,10.948058,1.021987,20.850759,4.566263
0.333333,0.000000,0.666667,0.000000,0,0,1,0,0,0,1,0,1.039410,0.705999,0.258005,-0.233785,-1.094846,-0.462134,1.338248,-1.680046,1.634804,8.447277,0.844360,10.398332,3.224644
0.666667,0.333333,0.000000,0.000000,0,1,0,0,1,0,0,0,2.748768,0.434252,0.587978,1.521320,1.511502,-0.561405,-3.184376,-0.035360,-0.113568,10.698529,0.798497,23.158645,4.812343
0.000000,0.333333,0.000000,0.666667,0,0,1,0,0,0,0,1,-2.182264,0.545764,-1.338834,-0.418117,4.533144,-1.815682,-0.376459,0.664444,-1.050787,12.925495,1.084048,32.560889,5.706215
0.000000,0.000000,1.000000,0.000000,0,0,1,0,0,0,1,0,0.767615,0.607783,-0.033396,-0.316077,-1.788192,-1.452024,2.389154,0.435360,0.855223,8.644824,0.864492,12.994659,3.604811
0.666667,0.000000,0.333333,0.000000,0,0,1,0,1,0,0,0,1.894425,-1.388868,1.627909,-2.631238,-1.045188,0.354627,0.826006,-2.261669,0.731862,12.761792,1.132546,22.642534,4.758417
0.000000,0.333333,0.000000,0.666667,0,0,0,1,0,0,0,1,0.184743,1.255949,-1.435948,-1.238639,-1.681434,0.745916,-0.342074,1.141826,-0.493567,8.520096,1.193938,10.255712,3.202454
0.000000,0.000000,1.000000,0.000000,0,0,1,0,0,0,1,0,-0.665045,0.127755,1.220107,0.912048,0.927354,0.342508,-1.654905,1.692417,1.562021,9.104160,0.566788,11.799291,3.435010
0.333333,0.666667,0.000000,0.000000,0,1,0,0,0,1,0,0,2.777749,-0.336828,-1.393990,0.627093,-3.814455,0.106945,-1.231719,0.358332,0.739429,11.386540,1.139249,26.919589,5.188409
0.333333,0.333333,0.000000,0.333333,0,1,0,0,1,0,0,0,1.387870,0.820410,0.128215,-1.072996,0.196017,-0.646666,-1.733077,-0.622482,-0.962852,7.570585,1.285766,8.541738,2.922625
0.000000,0.000000,1.000000,0.000000,0,0,1,0,0,0,1,0,-0.414732,0.763014,0.717741,0.580816,1.852379,-0.272821,-0.827809,-0.341480,-0.447136,6.217928,0.782967,6.114239,2.472699
0.333333,0.333333,0.333333,0.000000,1,0,0,0,1,0,0,0,0.433515,0.852886,-2.385780,-0.315521,1.946483,0.170417,0.563154,-1.356400,0.891041,8.915197,0.927375,13.475605,3.670913
0.666667,0.000000,0.333333,0.000000,1,0,0,0,1,0,0,0,0.631893,-0.284939,1.668945,-1.402761,-0.328022,0.551175,-1.981022,-1.286591,-0.112067,8.247415,1.252907,11.237311,3.352210
0.666667,0.333333,0.000000,0.000000,1,0,0,0,1,0,0,0,1.619281,0.611032,0.252586,-0.724866,-1.929308,-0.801737,-1.121687,1.590262,-1.282442,9.933201,1.162825,13.381445,3.658066
0.000000,0.000000,1.000000,0.000000,0,0,1,0,0,0,1,0,0.422070,0.452368,0.826079,-0.578771,-1.935657,-2.427135,3.123952,-1.293575,-0.525354,11.584961,1.135311,22.746324,4.769311
0.000000,0.666667,0.000000,0.333333,0,1,0,0,0,1,0,0,0.860070,1.967925,-0.935625,-1.043464,1.172996,0.498267,-1.889503,-0.708245,0.358502,9.434597,0.973409,12.401206,3.521535
0.000000,0.000000,1.000000,0.000000,0,0,1,0,0,0,1,0,1.956049,-0.630364,2.021320,-1.207874,-1.907313,2.174303,1.277831,0.463269,-0.261332,11.899655,0.710720,20.049382,4.477654
0.000000,1.000000,0.000000,0.000000,0,1,0,0,0,1,0,0,3.533268,-1.341613,-0.028228,0.431526,-3.340498,0.674610,-2.804015,-0.900112,0.503722,13.557592,1.184289,35.011383,5.917042
1.000000,0.000000,0.000000,0.000000,1,0,0,0,1,0,0,0,1.579398,-0.507248,-0.567283,-0.943284,0.424945,-0.456586,1.055204,-0.948461,0.379843,6.862252,0.997841,6.509757,2.551422
0.000000,0.000000,0.000000,1.000000,0,0,0,1,0,0,0,1,-1.311044,-1.257396,-1.003109,1.282464,-1.322344,0.192715,1.093958,-1.922727,1.984105,11.369862,1.185360,16.566851,4.070240
0.000000,0.000000,1.000000,0.000000,0,0,1,0,0,0,1,0,1.366026,0.067266,1.751062,-1.334068,-0.459816,0.939346,1.024436,0.893072,-0.736597,8.571689,0.633582,10.199931,3.193733
0.000000,1.000000,0.000000,0.000000,0,0,0,1,0,1,0,0,-1.022891,-0.386396,-1.941945,-1.133512,0.007351,-1.360998,0.778424,0.659574,1.384963,8.676054,1.302197,11.063082,3.326121
0.000000,0.000000,1.000000,0.000000,0,0,1,0,0,0,1,0,-1.242484,0.098186,0.798778,-1.157375,-0.517086,-0.993797,-1.144374,0.672263,0.303641,6.927984,1.411660,6.639708,2.576763
0.000000,0.000000,1.000000,0.000000,0,0,1,0,0,0,1,0,-2.995645,-0.827787,1.750151,-2.372484,1.638624,0.545941,0.588417,0.313981,0.148478,11.181508,1.086406,21.800834,4.669136
0.333333,0.000000,0.000000,0.666667,0,0,0,1,0,0,0,1,-3.735265,-0.757860,-2.828347,0.927848,3.768586,0.330975,-0.680178,-0.328447,1.475126,14.832632,1.095789,40.445306,6.359662
0.333333,0.000000,0.666667,0.000000,0,0,1,0,0,0,1,0,0.726605,1.293894,1.209731,-1.793571,-0.244699,0.318313,1.218690,1.835981,-1.038226,9.679710,0.673674,12.977608,3.602445
0.333333,0.666667,0.000000,0.000000,0,1,0,0,0,1,0,0,2.596954,1.143585,-0.266893,-0.462567,0.425910,1.288752,-0.635327,0.595111,1.070661,8.485760,0.448029,12.083550,3.476140
0.666667,0.000000,0.333333,0.000000,1,0,0,0,1,0,0,0,2.985771,0.279130,0.383293,-1.315231,-1.067767,-1.019928,1.646496,0.190724,-1.635116,10.523456,0.965302,18.470797,4.297766
0.000000,0.000000,1.000000,0.000000,0,0,1,0,0,0,1,0,0.214480,-1.264309,1.144687,-0.465355,1.664267,-0.839339,-0.856349,-0.113171,0.942849,7.504806,0.950450,8.280723,2.877624
0.666667,0.333333,0.000000,0.000000,1,0,0,0,1,0,0,0,0.876059,-1.584018,-1.473658,0.905900,1.233216,-1.289854,1.239227,0.014088,0.405833,9.021853,0.967384,11.154043,3.339767
0.333333,0.666667,0.000000,0.000000,0,1,0,0,0,1,0,0,1.694207,-1.519971,-1.149870,1.326112,1.362894,-0.255945,0.237678,0.603704,-2.204785,10.355166,0.992031,15.466437,3.932739
0.333333,0.333333,0.000000,0.333333,0,0,0,1,1,0,0,0,-0.129164,0.808383,0.299381,-0.723098,-0.405586,0.056374,-0.140390,-0.828639,-0.448902,3.839917,1.328123,2.358209,1.535646
0.000000,0.000000,0.000000,1.000000,0,0,0,1,0,0,0,1,-1.645534,-0.128316,-2.726389,-1.183150,0.541795,1.312090,1.156757,0.627786,-0.117080,9.438897,1.184135,15.318320,3.913863
1.000000,0.000000,0.000000,0.000000,1,0,0,0,1,0,0,0,2.536857,-0.363503,-0.120002,-0.301835,-0.772061,-0.726913,1.149224,1.215269,-0.879117,8.064781,0.828185,11.368205,3.371677
0.666667,0.333333,0.000000,0.000000,1,0,0,0,1,0,0,0,0.206668,-1.039478,2.111769,-0.725881,-0.376949,2.913409,-1.825868,0.530172,0.735710,10.465904,0.806028,18.895886,4.346940
0.666667,0.000000,0.333333,0.000000,1,0,0,0,1,0,0,0,1.534902,-0.480425,0.905103,0.667885,1.435620,-3.200560,-1.406399,0.484656,0.220866,10.336416,0.987445,18.418235,4.291647
0.000000,1.000000,0.000000,0.000000,0,1,0,0,0,1,0,0,2.112979,0.675815,-0.652477,-1.036091,1.174666,-1.461076,-0.842316,0.496896,-0.074029,8.526345,0.960178,10.897082,3.301073
0.333333,0.666667,0.000000,0.000000,0,1,0,0,0,1,0,0,1.980295,0.830866,-0.766613,-0.647822,0.905507,-0.007022,0.145562,1.677004,0.979049,7.939740,0.468856,10.231335,3.198646
0.000000,0.666667,0.000000,0.333333,0,1,0,0,0,1,0,0,-0.040396,-1.463929,-1.120973,-0.175567,-0.457628,-0.134906,-0.674197,-0.130121,1.363416,5.561133,1.386017,5.990123,2.447473
0.000000,0.666667,0.000000,0.333333,0,1,0,0,0,1,0,0,2.078988,2.041459,-1.391349,-0.000634,-1.920269,0.942574,-0.738411,0.369107,-1.134928,10.617719,0.980052,16.971030,4.119591
